ticker,call_date,signal,gap,conf_qna,conf_prepared,sentiment_qna,excess_1d,excess_5d,excess_20d
COST,2024-05-30,HOLD,-0.1777,-0.2064,-0.0287,0.2929,-0.00616,0.0204,0.00787
ORCL,2024-06-11,HOLD,-0.1997,-0.2317,-0.032,0.0686,0.04274,0.06121,0.03218
NKE,2024-06-27,HOLD,-0.1589,-0.0822,0.0766,0.2673,-0.01745,-0.03571,-0.05428
JPM,2024-07-12,SELL,-0.3534,-0.3958,-0.0424,0.0548,0.00038,0.03823,0.04868
BAC,2024-07-16,HOLD,-0.179,-0.2129,-0.0339,0.1476,0.03433,0.00943,-0.04972
UNH,2024-07-16,HOLD,-0.1817,-0.1833,-0.0016,0.3417,0.0245,0.06074,0.11138
JNJ,2024-07-17,BUY,-0.0139,0.009,0.0229,0.3917,0.03652,0.01426,0.07513
NFLX,2024-07-18,HOLD,-0.0506,-0.2031,-0.1525,0.2201,-0.03511,-0.01483,0.00273
GOOGL,2024-07-23,HOLD,-0.1816,-0.0915,0.0901,0.3281,0.00831,-0.00657,-0.05491
KO,2024-07-23,HOLD,-0.2038,-0.1892,0.0146,0.2496,-0.00581,0.03903,0.04511
TSLA,2024-07-23,SELL,-0.1797,-0.319,-0.1393,0.0589,-0.02793,8e-05,-0.03709
V,2024-07-23,SELL,-0.4274,-0.3874,0.04,0.2691,0.00648,0.03995,0.03092
AMD,2024-07-30,SELL,-0.2967,-0.189,0.1078,0.4648,-0.0448,-0.08746,-0.02444
MSFT,2024-07-30,SELL,-0.255,-0.2459,0.0091,0.163,-0.00845,-0.00081,-0.03698
PFE,2024-07-30,HOLD,-0.1692,-0.0756,0.0936,0.3292,-0.02449,-0.01138,-0.0992
BA,2024-07-31,BUY,-0.1352,-0.0803,0.0549,0.1958,-0.04423,-0.07947,-0.1119
AMZN,2024-08-01,HOLD,-0.2075,-0.2621,-0.0546,0.285,0.01222,0.00382,-0.00998
INTC,2024-08-01,SELL,-0.2447,-0.0624,0.1823,0.2814,-0.01565,-0.05065,-0.11886
CVX,2024-08-02,HOLD,-0.192,-0.1165,0.0755,0.267,-0.01713,-0.04537,-0.07363
XOM,2024-08-02,SELL,-0.3956,-0.3162,0.0794,0.333,0.01317,0.02608,-0.01536
HD,2024-08-13,HOLD,-0.2284,-0.184,0.0444,0.1788,0.01372,0.01899,0.06857
WMT,2024-08-15,HOLD,-0.1301,-0.1963,-0.0662,0.2923,-0.01918,-0.00223,0.06035
CRM,2024-08-28,BUY,-0.0924,-0.1622,-0.0698,0.1882,-0.04816,-0.07274,-0.00541
NVDA,2024-08-28,BUY,-0.1078,-0.1167,-0.0089,0.1503,-0.02757,-0.0975,-0.00236
ORCL,2024-09-09,SELL,-0.2902,-0.1622,0.128,0.0479,0.00998,0.07798,0.06343
COST,2024-09-26,SELL,-0.2951,-0.2585,0.0366,0.3115,-0.0052,-0.00998,-0.01002
NKE,2024-10-01,BUY,-0.1334,-0.03,0.1034,0.272,0.00051,-0.03519,-0.07893
JPM,2024-10-11,SELL,-0.271,-0.3029,-0.0319,0.0219,0.02457,0.02963,0.06207
BAC,2024-10-15,HOLD,-0.1643,-0.2473,-0.0829,0.2587,-0.01699,-0.03236,0.04169
JNJ,2024-10-15,BUY,-0.0158,-0.0626,-0.0468,0.3911,0.03385,0.01933,-0.05524
UNH,2024-10-15,HOLD,-0.1514,-0.219,-0.0675,0.2758,0.01596,0.03688,0.10842
NFLX,2024-10-17,HOLD,-0.1732,-0.1761,-0.0029,0.2832,0.0347,0.03119,0.11916
BA,2024-10-23,SELL,-0.2913,-0.182,0.1093,0.1106,0.01825,0.01096,-0.06093
KO,2024-10-23,HOLD,-0.1935,-0.2434,-0.0498,0.2339,0.02085,-0.02222,-0.08123
TSLA,2024-10-23,BUY,-0.0468,-0.149,-0.1022,0.0659,0.06585,0.05255,0.37973
AMD,2024-10-29,SELL,-0.3709,-0.2722,0.0986,0.4489,-0.02662,-0.06628,-0.13323
MCD,2024-10-29,SELL,-0.4343,-0.3165,0.1178,0.2776,-0.01205,0.00135,-0.03523
PFE,2024-10-29,HOLD,-0.1629,-0.1207,0.0422,0.3164,0.00962,-0.00341,-0.10889
V,2024-10-29,HOLD,-0.2073,-0.202,0.0053,0.2499,-0.00526,0.01115,0.03536
CAT,2024-10-30,BUY,0.1572,0.0064,-0.1508,0.1876,0.01621,0.03295,0.05715
META,2024-10-30,SELL,-0.2953,-0.3167,-0.0215,0.2952,-0.01775,-0.04903,-0.06744
MSFT,2024-10-30,SELL,-0.2664,-0.2537,0.0126,0.1544,-0.00967,-0.01529,-0.02002
AAPL,2024-10-31,BUY,-0.0868,-0.0385,0.0483,0.2444,0.00927,-0.01305,0.02056
AMZN,2024-10-31,HOLD,-0.1681,-0.2408,-0.0727,0.2451,-0.00489,0.01301,-0.00999
INTC,2024-10-31,BUY,-0.1192,-0.0234,0.0957,0.3037,0.00919,0.09792,-0.00901
CVX,2024-11-01,SELL,-0.4156,-0.2462,0.1694,0.2221,-0.00052,-0.03103,0.00435
XOM,2024-11-01,SELL,-0.2856,-0.2338,0.0518,0.3301,0.02428,-0.00387,-0.03313
HD,2024-11-12,BUY,-0.1019,-0.0943,0.0076,0.1358,-0.02399,0.00839,0.01862
DIS,2024-11-14,HOLD,-0.1551,-0.0081,0.147,0.2958,-0.00432,0.04704,0.02969
WMT,2024-11-19,HOLD,-0.1681,-0.1578,0.0103,0.3329,-0.00527,0.016,0.07554
NVDA,2024-11-20,BUY,-0.1342,-0.1076,0.0266,0.2435,-0.0184,-0.10296,-0.11265
CRM,2024-12-03,SELL,-0.2502,-0.3265,-0.0763,0.1399,-0.00046,-0.04437,-0.06611
ORCL,2024-12-09,BUY,-0.1249,-0.1578,-0.0329,0.1806,0.02892,-0.0152,-0.03654
COST,2024-12-12,SELL,-0.4517,-0.4513,0.0004,0.3167,0.01212,0.00677,-0.02831
NKE,2024-12-19,BUY,-0.0753,0.0577,0.133,0.2026,-0.00322,-0.0167,-0.06768
JPM,2025-01-15,SELL,-0.281,-0.3526,-0.0716,0.0635,0.00364,0.02239,0.07797
BAC,2025-01-16,HOLD,-0.1233,-0.2577,-0.1344,0.1405,-0.00275,-0.02037,-0.01383
UNH,2025-01-16,HOLD,-0.2353,-0.1607,0.0746,0.2183,-0.033,-0.02731,-0.02462
JNJ,2025-01-22,BUY,-0.0903,-0.078,0.0123,0.4105,0.00796,0.04662,0.09367
BA,2025-01-28,HOLD,-0.23,-0.1138,0.1162,0.2153,-0.02737,-0.01298,-0.01879
META,2025-01-29,SELL,-0.4477,-0.413,0.0347,0.2519,-0.01588,0.01112,-0.02406
MSFT,2025-01-29,HOLD,-0.1554,-0.1775,-0.0221,0.1874,-0.01081,-0.01352,-0.02947
TSLA,2025-01-29,HOLD,-0.1136,-0.2261,-0.1125,0.0219,-0.02735,-0.07982,-0.28231
AAPL,2025-01-30,HOLD,-0.2512,-0.2122,0.039,0.3111,-0.03592,-0.05457,0.00136
CAT,2025-01-30,BUY,0.0256,-0.112,-0.1377,0.2429,0.00217,-0.03965,-0.05838
INTC,2025-01-30,SELL,-0.2673,-0.1855,0.0817,0.2221,-0.02398,-0.03388,0.20252
V,2025-01-30,HOLD,-0.1778,-0.2209,-0.0431,0.3474,-0.00413,0.00486,0.07056
CVX,2025-01-31,SELL,-0.289,-0.1528,0.1362,0.2157,-0.00632,0.01063,0.05386
XOM,2025-01-31,SELL,-0.3517,-0.2594,0.0923,0.3379,-0.00439,0.00743,0.03456
AMD,2025-02-04,SELL,-0.3383,-0.2896,0.0487,0.3395,0.03493,0.02466,-0.02593
PFE,2025-02-04,BUY,-0.0796,-0.0499,0.0298,0.3712,0.01292,-0.02396,0.02888
DIS,2025-02-05,BUY,-0.013,-0.0073,0.0056,0.2989,-0.05056,-0.06551,-0.02596
AMZN,2025-02-06,SELL,-0.4001,-0.4182,-0.0182,0.237,-0.00432,-0.01384,-0.09198
MCD,2025-02-10,SELL,-0.5389,-0.3018,0.2371,0.2621,0.01899,0.01139,0.12755
KO,2025-02-11,SELL,-0.288,-0.2454,0.0426,0.2578,-0.0031,0.00813,0.12983
WMT,2025-02-20,BUY,-0.1211,-0.1159,0.0051,0.3825,-0.014,0.00168,-0.05342
HD,2025-02-25,HOLD,-0.1953,-0.1262,0.0691,0.3077,0.02641,0.03459,-0.01341
CRM,2025-02-26,HOLD,-0.1872,-0.2415,-0.0544,0.1629,0.01491,0.00836,-0.00732
NVDA,2025-02-26,HOLD,-0.174,-0.118,0.0561,0.1316,-0.09023,-0.10801,-0.11277
COST,2025-03-06,SELL,-0.2639,-0.2855,-0.0215,0.2908,-0.03978,-0.07092,0.02887
ORCL,2025-03-10,HOLD,-0.1575,-0.1229,0.0346,0.1367,0.01152,0.05998,-0.01773
NKE,2025-03-20,BUY,-0.0731,0.0192,0.0923,0.2997,0.01187,-0.02581,-0.10386
JPM,2025-07-15,SELL,-0.3733,-0.418,-0.0448,0.0505,-0.00972,0.0023,-0.01495
BAC,2025-07-16,BUY,-0.0746,-0.1727,-0.0981,0.1512,-0.00553,0.02466,-0.00335
JNJ,2025-07-16,BUY,0.0717,0.0669,-0.0048,0.698,0.02718,0.03939,0.04747
KO,2025-07-22,HOLD,-0.1827,-0.1743,0.0084,0.3362,0.00341,-0.03204,-0.02718
GOOGL,2025-07-23,HOLD,-0.2054,-0.2004,0.0051,0.3271,-0.02438,-0.00232,0.00609
TSLA,2025-07-23,HOLD,-0.106,-0.201,-0.095,0.0559,-0.01488,0.02938,0.03931
INTC,2025-07-24,SELL,-0.3925,-0.2223,0.1702,0.2078,-0.0022,-0.03781,0.13564
BA,2025-07-29,HOLD,-0.2257,-0.1609,0.0648,0.1704,-0.00648,-0.00058,0.01615
UNH,2025-07-29,HOLD,-0.2498,-0.2944,-0.0445,0.2168,-0.01259,-0.08179,0.14093
V,2025-07-29,HOLD,-0.1884,-0.2798,-0.0914,0.1911,5e-05,-0.02807,-0.01425
MSFT,2025-07-30,HOLD,-0.2573,-0.2428,0.0144,0.11,-0.0276,-0.04411,-0.09705
AAPL,2025-07-31,SELL,-0.3954,-0.3961,-0.0006,0.2906,-0.03295,0.03394,0.06799
AMD,2025-08-05,SELL,-0.428,-0.3289,0.0991,0.4333,-0.01762,0.0383,-0.04104
PEP,2025-10-09,BUY,0.2716,-0.0406,-0.3122,0.3011,0.03378,0.08859,0.01107
TSLA,2025-10-22,BUY,0.0092,-0.1637,-0.1729,0.0544,0.06355,0.06999,-0.0299
INTC,2025-10-23,SELL,-0.3981,-0.21,0.1881,0.229,-0.04465,-0.00148,-0.12454
V,2025-10-28,HOLD,-0.2031,-0.2655,-0.0624,0.2768,-0.01171,0.0031,-0.01134
BA,2025-10-29,SELL,-0.2798,-0.2286,0.0511,0.1983,-0.04133,-0.04976,-0.10378
GOOGL,2025-10-29,SELL,-0.297,-0.2395,0.0575,0.344,-0.02872,-0.01573,0.10343
META,2025-10-29,SELL,-0.3724,-0.3776,-0.0052,0.2893,0.00195,-0.04037,-0.04694
MSFT,2025-10-29,HOLD,-0.176,-0.1851,-0.009,0.163,-0.00295,-0.03472,-0.07691
AAPL,2025-10-30,SELL,-0.3351,-0.2195,0.1156,0.2389,-0.01955,-0.00456,0.0101
AMZN,2025-10-30,HOLD,-0.2186,-0.1893,0.0293,0.3022,-0.01916,-0.00673,-0.06508
PFE,2025-11-04,BUY,-0.1096,-0.1134,-0.0038,0.1263,0.00558,0.05289,0.05408
MCD,2025-11-05,SELL,-0.4232,-0.4037,0.0195,0.2063,0.01654,0.01239,0.02017
HD,2025-11-18,BUY,-0.1154,-0.1065,0.0089,0.0614,-0.00724,-0.02001,0.01874
NVDA,2025-11-19,HOLD,-0.1756,-0.0836,0.092,0.1939,-0.04785,-0.09013,-0.11654
ORCL,2025-12-10,HOLD,-0.2198,-0.2146,0.0052,0.1117,0.03729,-0.04374,0.02817
COST,2025-12-11,SELL,-0.2819,-0.3115,-0.0296,0.2838,0.01064,-0.0121,0.05454
JPM,2026-01-13,SELL,-0.1729,-0.338,-0.1651,0.1029,-0.03885,-0.04073,-0.01372
BAC,2026-01-14,HOLD,-0.236,-0.2854,-0.0493,0.1767,-0.00664,-0.00721,0.01695
NFLX,2026-01-20,BUY,-0.0247,-0.0525,-0.0279,0.29,0.02596,0.01378,-0.06467
INTC,2026-01-22,SELL,-0.346,-0.2758,0.0702,0.2369,-0.03977,0.02985,-0.06055
BA,2026-01-27,SELL,-0.2774,-0.2091,0.0683,0.205,-0.0079,-0.03403,-0.05065
META,2026-01-28,SELL,-0.2886,-0.2705,0.0181,0.3155,0.00457,-0.07816,-0.09887
MSFT,2026-01-28,SELL,-0.3287,-0.3568,-0.0281,0.1473,-0.01138,-0.04399,-0.07471
TSLA,2026-01-28,HOLD,-0.0514,-0.23,-0.1786,0.0989,-0.04514,-0.05797,-0.05656
AAPL,2026-01-29,SELL,-0.2827,-0.2989,-0.0162,0.3132,0.01663,0.10176,0.04466
CAT,2026-01-29,BUY,-0.0576,-0.19,-0.1324,0.3153,0.01874,0.07059,0.15939
V,2026-01-29,BUY,-0.0568,-0.1487,-0.0918,0.1936,-0.03153,0.01118,-0.02599
CVX,2026-01-30,BUY,-0.0355,-0.1051,-0.0696,0.2817,-0.00505,0.04127,0.10851
XOM,2026-01-30,SELL,-0.3222,-0.2705,0.0517,0.3118,-0.01868,0.06443,0.1149
DIS,2026-02-02,SELL,-0.4587,-0.2424,0.2163,0.2019,-0.00422,0.04358,0.00772
AMD,2026-02-03,HOLD,-0.2416,-0.1762,0.0654,0.3773,-0.06286,-0.00922,-0.05258
PFE,2026-02-03,BUY,-0.0518,-0.082,-0.0302,0.2328,0.0408,0.06428,0.03615
GOOGL,2026-02-04,BUY,-0.1338,-0.0913,0.0426,0.3062,0.06583,-0.02022,-0.03686
AMZN,2026-02-05,SELL,-0.2827,-0.26,0.0226,0.2507,0.02415,-0.01501,0.06517
KO,2026-02-10,HOLD,-0.1871,-0.1482,0.0388,0.3181,0.00642,0.05565,0.04188
MCD,2026-02-11,SELL,-0.2881,-0.2179,0.0702,0.2858,0.0255,0.00581,0.02813
WMT,2026-02-19,BUY,-0.1094,-0.0921,0.0173,0.314,-0.02918,-0.03502,-0.01797
NVDA,2026-02-25,BUY,-0.1235,-0.0217,0.1017,0.1379,-0.04254,-0.04605,-0.0302
COST,2026-03-05,SELL,-0.4164,-0.3669,0.0495,0.3505,0.03368,0.04846,0.07303
ORCL,2026-03-10,SELL,-0.2747,-0.2022,0.0725,0.1607,-0.01775,-0.06024,-0.13696
NKE,2026-03-31,BUY,-0.0962,-0.063,0.0333,0.4267,-0.0435,-0.10748,-0.13482
JPM,2026-04-14,SELL,-0.2513,-0.4349,-0.1836,0.0215,-0.00565,-0.00744,-0.10674
BAC,2026-04-15,HOLD,-0.1196,-0.2516,-0.132,0.1872,-0.00544,-0.02688,-0.1257
NFLX,2026-04-16,BUY,0.0862,-0.0208,-0.1069,0.2714,0.00409,-0.04011,-0.15737
PEP,2026-04-16,BUY,0.2737,-0.1512,-0.4249,0.4101,0.0174,-0.02573,-0.09915
UNH,2026-04-21,HOLD,-0.1341,-0.1475,-0.0134,0.3875,0.00462,0.0417,0.07466
BA,2026-04-22,SELL,-0.2815,-0.1543,0.1272,0.2846,0.01288,-0.0349,-0.08496
INTC,2026-04-23,HOLD,-0.1928,-0.1312,0.0615,0.3421,-0.00035,0.13826,0.39663
KO,2026-04-28,BUY,-0.1192,-0.0906,0.0285,0.3309,-0.01453,-0.02542,-0.04264
V,2026-04-28,HOLD,-0.188,-0.2128,-0.0249,0.2966,-0.00539,-0.06068,-0.07961
GOOGL,2026-04-29,HOLD,-0.2639,-0.209,0.055,0.3031,0.02305,0.03721,-0.013
META,2026-04-29,HOLD,-0.1889,-0.1811,0.0078,0.2699,-0.0176,-0.03727,-0.03014
MSFT,2026-04-29,BUY,-0.106,-0.0897,0.0164,0.1764,-0.01301,-0.0192,-0.01429
AAPL,2026-04-30,SELL,-0.2914,-0.2498,0.0416,0.3543,0.00542,0.01645,0.07124
CAT,2026-04-30,HOLD,-0.1045,-0.2318,-0.1273,0.2975,0.03344,0.0552,-0.0197
XOM,2026-05-01,SELL,-0.2965,-0.1129,0.1836,0.2974,0.00954,-0.07743,-0.06833
AMD,2026-05-05,SELL,-0.2779,-0.1912,0.0867,0.3576,0.02127,0.08099,0.28905
PFE,2026-05-05,BUY,0.0864,0.1096,0.0233,0.3154,-0.00892,-0.02366,-0.066
DIS,2026-05-06,HOLD,-0.1915,-0.1556,0.0359,0.2195,0.00667,-0.01714,-0.10275
MCD,2026-05-07,SELL,-0.286,-0.2971,-0.0111,0.2433,-0.00963,-0.05202,-0.07605
HD,2026-05-19,HOLD,-0.1741,-0.1348,0.0393,0.2559,0.03764,0.04245,0.14243
NVDA,2026-05-20,HOLD,-0.2289,-0.0898,0.1392,0.1315,-0.01803,-0.05778,-0.06465
WMT,2026-05-21,BUY,-0.0712,-0.0759,-0.0047,0.3287,-0.0302,-0.0659,-0.07168
CRM,2026-05-27,BUY,-0.0262,-0.0748,-0.0485,0.1413,-0.01846,0.06294,-0.13736
COST,2026-05-28,SELL,-0.3586,-0.3662,-0.0076,0.3571,-0.03143,-0.01599,-0.00138
ORCL,2026-06-10,HOLD,-0.2024,-0.1908,0.0117,0.1702,0.01231,0.00474,-0.25311
BAC,2026-07-14,HOLD,-0.2085,-0.281,-0.0725,0.2554,0.02623,0.03581,0.05292
JPM,2026-07-14,SELL,-0.3646,-0.4311,-0.0665,0.0737,0.04737,0.04805,0.07082
UNH,2026-07-16,SELL,-0.2689,-0.2196,0.0493,0.2752,-0.05517,-0.03313,-0.12368
TSLA,2026-07-22,HOLD,-0.1504,-0.2092,-0.0588,0.1413,-0.06088,-0.11176,-0.01048
META,2026-07-29,SELL,-0.3583,-0.4045,-0.0462,0.2259,0.01711,0.0735,0.05452
MSFT,2026-07-29,SELL,-0.3519,-0.3418,0.0101,0.141,0.02248,0.06734,0.09486
AAPL,2026-07-30,SELL,-0.3365,-0.2304,0.1062,0.1887,0.0103,-0.00713,-0.00254
AMZN,2026-07-30,BUY,-0.0418,-0.0826,-0.0409,0.2627,0.02167,-0.00467,-0.06846
CVX,2026-07-31,HOLD,-0.2332,-0.1155,0.1178,0.277,-0.02224,-0.07693,0.01562
AMD,2026-08-04,SELL,-0.3497,-0.2778,0.0719,0.4223,0.01486,-0.08464,-0.07447
CAT,2026-08-04,HOLD,-0.1842,-0.2672,-0.0829,0.3073,-0.06337,-0.10786,-0.14351
MCD,2026-08-04,SELL,-0.405,-0.2887,0.1163,0.188,-0.02143,-0.00376,-0.03356
PFE,2026-08-04,BUY,-0.1054,-0.0908,0.0146,0.2697,0.01997,0.05074,0.13774
DIS,2026-08-05,BUY,-0.1167,-0.1298,-0.0132,0.2647,0.00556,0.02192,0.05961
HD,2026-08-18,HOLD,-0.1821,-0.1746,0.0075,0.2153,0.00373,0.00873,-0.07154
WMT,2026-08-20,BUY,0.0267,-0.0123,-0.039,0.2951,-0.01949,-0.01699,0.01064
CRM,2026-08-26,BUY,-0.02,-0.1556,-0.1357,0.1392,0.09225,0.12119,0.03657
NVDA,2026-08-26,HOLD,-0.1634,-0.1095,0.0539,0.18,0.01959,0.0113,0.00808
ORCL,2026-09-10,HOLD,-0.2604,-0.2045,0.056,0.1369,-0.08549,-0.0814,
COST,2026-09-24,SELL,-0.6116,-0.5534,0.0582,0.3183,0.03698,0.03773,
NKE,2026-10-01,BUY,-0.0621,0.0348,0.0968,0.3129,0.04177,,
