ticker,company,call_date,call_time_et,signal,confidence,confidence_z,conf_prepared,conf_qna,gap,pct_high,pct_low,confidence_change,sentences,warmup
JPM,,2024-04-12,08:30,HOLD,-0.284,,-0.0741,-0.3478,-0.2737,0.0825,0.3689,,412,True
BAC,,2024-04-16,08:30,HOLD,-0.1852,,-0.0881,-0.2951,-0.207,0.049,0.2345,,469,True
JNJ,,2024-04-16,08:30,HOLD,0.0174,,-0.0141,0.0405,0.0546,0.1642,0.1463,,335,True
UNH,,2024-04-16,08:45,HOLD,-0.1881,,0.0198,-0.2777,-0.2975,0.1151,0.3041,,365,True
NFLX,,2024-04-18,16:45,HOLD,-0.2511,,-0.2555,-0.2508,0.0047,0.066,0.3166,,379,True
TSLA,,2024-04-23,17:30,HOLD,-0.1948,,-0.1249,-0.2552,-0.1302,0.1068,0.301,,412,True
V,,2024-04-23,17:00,HOLD,-0.1863,,-0.105,-0.2795,-0.1746,0.055,0.2395,,309,True
BA,,2024-04-24,10:30,HOLD,0.0312,,0.1358,-0.0371,-0.1729,0.1833,0.1511,,311,True
GOOGL,,2024-04-25,16:30,HOLD,0.0006,,0.0341,-0.0742,-0.1083,0.1548,0.1548,,323,True
INTC,,2024-04-25,17:00,HOLD,-0.0143,,0.0667,-0.0663,-0.133,0.1451,0.1609,,379,True
CVX,,2024-04-26,11:00,HOLD,-0.1054,,0.0675,-0.1321,-0.1996,0.1047,0.2093,,344,True
XOM,,2024-04-26,08:30,HOLD,-0.2068,,0.1354,-0.2815,-0.4169,0.1303,0.3388,,307,True
AMD,,2024-04-30,17:00,HOLD,-0.1471,,0.0347,-0.2568,-0.2915,0.1254,0.2683,,287,True
AMZN,,2024-04-30,17:30,HOLD,-0.1432,,-0.0432,-0.2339,-0.1907,0.1009,0.245,,347,True
KO,,2024-04-30,08:30,HOLD,-0.1388,,0.0367,-0.2363,-0.273,0.1148,0.2492,,305,True
DIS,,2024-05-07,08:30,HOLD,-0.0049,,0.0744,-0.0463,-0.1207,0.1631,0.1674,,233,True
HD,,2024-05-14,09:00,HOLD,-0.0452,,0.1206,-0.1573,-0.278,0.1316,0.1754,,342,True
WMT,,2024-05-16,08:00,HOLD,-0.0958,,-0.0082,-0.1581,-0.1498,0.0728,0.1667,,426,True
NVDA,,2024-05-22,17:00,HOLD,-0.0099,,0.0202,-0.0346,-0.0549,0.1091,0.1182,,330,True
CRM,,2024-05-29,17:00,HOLD,-0.0787,,0.0414,-0.1679,-0.2093,0.1054,0.1861,,446,True
COST,,2024-05-30,17:00,HOLD,-0.1563,-0.4716,-0.0287,-0.2064,-0.1777,0.0879,0.2403,,387,False
ORCL,,2024-06-11,17:00,HOLD,-0.1314,-0.1907,-0.032,-0.2317,-0.1997,0.0751,0.2055,,253,False
NKE,,2024-06-27,17:00,BUY,0.001,1.269,0.0766,-0.0822,-0.1589,0.125,0.125,,376,False
JPM,,2024-07-12,08:30,SELL,-0.2869,-1.9272,-0.0424,-0.3958,-0.3534,0.0588,0.346,-0.0029,289,False
BAC,,2024-07-16,08:30,HOLD,-0.1602,-0.4466,-0.0339,-0.2129,-0.179,0.0755,0.2366,0.025,503,False
UNH,,2024-07-16,08:45,HOLD,-0.1223,-0.0565,-0.0016,-0.1833,-0.1817,0.1139,0.2342,0.0657,316,False
JNJ,,2024-07-17,08:30,BUY,0.0166,1.447,0.0229,0.009,-0.0139,0.1642,0.1463,-0.0008,335,False
NFLX,,2024-07-18,16:45,SELL,-0.1994,-0.8992,-0.1525,-0.2031,-0.0506,0.0746,0.2762,0.0517,362,False
GOOGL,,2024-07-23,16:30,BUY,0.0245,1.4882,0.0901,-0.0915,-0.1816,0.1709,0.1485,0.0239,357,False
KO,,2024-07-23,08:30,HOLD,-0.1047,0.1273,0.0146,-0.1892,-0.2038,0.122,0.2265,0.0341,287,False
TSLA,,2024-07-23,17:30,SELL,-0.2375,-1.272,-0.1393,-0.319,-0.1797,0.1279,0.3663,-0.0427,344,False
V,,2024-07-23,17:00,SELL,-0.1949,-0.8227,0.04,-0.3874,-0.4274,0.0804,0.2735,-0.0086,373,False
AMD,,2024-07-30,17:00,BUY,-0.0624,0.5829,0.1078,-0.189,-0.2967,0.1469,0.2098,0.0847,286,False
MSFT,,2024-07-30,17:30,HOLD,-0.0779,0.4207,0.0091,-0.2459,-0.255,0.1127,0.1908,,346,False
PFE,,2024-07-30,10:30,BUY,-0.0008,1.2266,0.0936,-0.0756,-0.1692,0.1768,0.1796,,362,False
BA,,2024-07-31,10:30,BUY,-0.0134,1.0487,0.0549,-0.0803,-0.1352,0.1399,0.1536,-0.0446,293,False
AMZN,,2024-08-01,17:30,HOLD,-0.151,-0.4417,-0.0546,-0.2621,-0.2075,0.0851,0.234,-0.0077,282,False
INTC,,2024-08-01,17:00,BUY,0.0412,1.5975,0.1823,-0.0624,-0.2447,0.1953,0.1535,0.0555,430,False
CVX,,2024-08-02,11:00,HOLD,-0.0757,0.3232,0.0755,-0.1165,-0.192,0.1078,0.1856,0.0297,334,False
XOM,,2024-08-02,08:30,SELL,-0.2435,-1.4403,0.0794,-0.3162,-0.3956,0.07,0.3149,-0.0367,343,False
HD,,2024-08-13,09:00,HOLD,-0.0928,0.1715,0.0444,-0.184,-0.2284,0.1154,0.2071,-0.0476,338,False
WMT,,2024-08-15,08:00,HOLD,-0.1452,-0.3868,-0.0662,-0.1963,-0.1301,0.0624,0.2086,-0.0493,417,False
CRM,,2024-08-28,17:00,HOLD,-0.0959,0.1473,-0.0698,-0.1622,-0.0924,0.0927,0.1898,-0.0171,453,False
NVDA,,2024-08-28,17:00,HOLD,-0.0853,0.2612,-0.0089,-0.1167,-0.1078,0.0656,0.1496,-0.0754,381,False
ORCL,,2024-09-09,17:00,HOLD,-0.0854,0.256,0.128,-0.1622,-0.2902,0.12,0.2062,0.046,325,False
COST,,2024-09-26,17:00,HOLD,-0.1433,-0.3898,0.0366,-0.2585,-0.2951,0.1282,0.2707,0.013,351,False
NKE,,2024-10-01,17:00,BUY,0.0403,1.6726,0.1034,-0.03,-0.1334,0.1362,0.0968,0.0393,279,False
JPM,,2024-10-11,08:30,SELL,-0.2554,-1.6454,-0.0319,-0.3029,-0.271,0.0938,0.3457,0.0316,405,False
BAC,,2024-10-15,08:30,SELL,-0.1628,-0.5829,-0.0829,-0.2473,-0.1643,0.0449,0.207,-0.0026,401,False
JNJ,,2024-10-15,08:30,BUY,-0.0544,0.5898,-0.0468,-0.0626,-0.0158,0.152,0.2067,-0.071,329,False
UNH,,2024-10-15,08:45,SELL,-0.1773,-0.7395,-0.0675,-0.219,-0.1514,0.129,0.3041,-0.055,411,False
NFLX,,2024-10-17,16:45,HOLD,-0.1488,-0.4248,-0.0029,-0.1761,-0.1732,0.12,0.2686,0.0506,350,False
BA,,2024-10-23,10:30,HOLD,-0.0663,0.4961,0.1093,-0.182,-0.2913,0.137,0.2,-0.0529,365,False
KO,,2024-10-23,08:30,SELL,-0.1705,-0.6601,-0.0498,-0.2434,-0.1935,0.1299,0.3019,-0.0658,308,False
TSLA,,2024-10-23,17:30,HOLD,-0.1254,-0.1595,-0.1022,-0.149,-0.0468,0.0909,0.2182,0.1122,495,False
AMD,,2024-10-29,17:00,HOLD,-0.1239,-0.1401,0.0986,-0.2722,-0.3709,0.1219,0.2469,-0.0615,320,False
MCD,,2024-10-29,08:30,HOLD,-0.153,-0.4704,0.1178,-0.3165,-0.4343,0.1794,0.3324,,340,False
PFE,,2024-10-29,10:30,BUY,-0.0623,0.5581,0.0422,-0.1207,-0.1629,0.1385,0.2016,-0.0616,491,False
V,,2024-10-29,17:00,HOLD,-0.0822,0.3324,0.0053,-0.202,-0.2073,0.1261,0.2082,0.1127,341,False
CAT,,2024-10-30,08:30,HOLD,-0.0827,0.332,-0.1508,0.0064,0.1572,0.1096,0.1925,,374,False
META,,2024-10-30,17:00,SELL,-0.1682,-0.6676,-0.0215,-0.3167,-0.2953,0.0976,0.2663,,338,False
MSFT,,2024-10-30,17:30,HOLD,-0.0864,0.2887,0.0126,-0.2537,-0.2664,0.0864,0.1728,-0.0085,382,False
AAPL,,2024-10-31,17:00,BUY,0.0049,1.3832,0.0483,-0.0385,-0.0868,0.1589,0.155,,258,False
AMZN,,2024-10-31,17:00,SELL,-0.1603,-0.5855,-0.0727,-0.2408,-0.1681,0.0839,0.2413,-0.0093,286,False
INTC,,2024-10-31,17:00,BUY,0.0227,1.5954,0.0957,-0.0234,-0.1192,0.1582,0.1356,-0.0185,354,False
CVX,,2024-11-01,11:00,SELL,-0.1734,-0.7687,0.1694,-0.2462,-0.4156,0.0981,0.2706,-0.0977,377,False
XOM,,2024-11-01,09:30,SELL,-0.1523,-0.5203,0.0518,-0.2338,-0.2856,0.1473,0.2978,0.0912,319,False
HD,,2024-11-12,09:00,BUY,-0.0516,0.6899,0.0076,-0.0943,-0.1019,0.1331,0.1851,0.0412,308,False
DIS,,2024-11-14,08:30,BUY,0.0163,1.4914,0.147,-0.0081,-0.1551,0.203,0.1878,0.0212,197,False
WMT,,2024-11-19,08:00,HOLD,-0.0904,0.1964,0.0103,-0.1578,-0.1681,0.1126,0.2005,0.0547,444,False
NVDA,,2024-11-20,17:00,BUY,-0.062,0.5326,0.0266,-0.1076,-0.1342,0.0991,0.1592,0.0232,333,False
CRM,,2024-12-03,17:00,SELL,-0.1508,-0.5338,-0.0763,-0.3265,-0.2502,0.0851,0.2367,-0.0549,376,False
ORCL,,2024-12-09,17:00,HOLD,-0.0967,0.122,-0.0329,-0.1578,-0.1249,0.0968,0.1935,-0.0112,186,False
COST,,2024-12-12,17:00,SELL,-0.2959,-2.2896,0.0004,-0.4513,-0.4517,0.0699,0.3656,-0.1526,372,False
NKE,,2024-12-19,17:00,BUY,0.0999,2.4611,0.133,0.0577,-0.0753,0.1961,0.098,0.0597,408,False
JPM,,2025-01-15,08:30,SELL,-0.2482,-1.6149,-0.0716,-0.3526,-0.281,0.0607,0.3036,0.0072,280,False
BAC,,2025-01-16,11:00,SELL,-0.2016,-1.0522,-0.1344,-0.2577,-0.1233,0.0572,0.2594,-0.0388,559,False
UNH,,2025-01-16,08:45,HOLD,-0.0762,0.3619,0.0746,-0.1607,-0.2353,0.1447,0.2222,0.1011,387,False
JNJ,,2025-01-22,08:00,BUY,-0.028,0.9183,0.0123,-0.078,-0.0903,0.1604,0.1872,0.0263,374,False
BA,,2025-01-28,10:00,BUY,-0.0275,0.9133,0.1162,-0.1138,-0.23,0.1403,0.1658,0.0388,392,False
META,,2025-01-29,17:00,SELL,-0.1942,-0.9896,0.0347,-0.413,-0.4477,0.1292,0.323,-0.026,356,False
MSFT,,2025-01-29,17:30,HOLD,-0.0828,0.2756,-0.0221,-0.1775,-0.1554,0.0831,0.1662,0.0036,361,False
TSLA,,2025-01-29,17:30,SELL,-0.1514,-0.5037,-0.1125,-0.2261,-0.1136,0.1515,0.3007,-0.026,429,False
AAPL,,2025-01-30,17:00,HOLD,-0.0866,0.2499,0.039,-0.2122,-0.2512,0.1058,0.1934,-0.0915,274,False
CAT,,2025-01-30,08:30,HOLD,-0.1303,-0.2515,-0.1377,-0.112,0.0256,0.0917,0.2206,-0.0476,349,False
INTC,,2025-01-30,17:00,BUY,-0.0621,0.5308,0.0817,-0.1855,-0.2673,0.1496,0.21,-0.0848,381,False
V,,2025-01-30,17:00,HOLD,-0.1371,-0.3303,-0.0431,-0.2209,-0.1778,0.0669,0.2035,-0.0549,344,False
CVX,,2025-01-31,11:00,HOLD,-0.0869,0.2488,0.1362,-0.1528,-0.289,0.14,0.2257,0.0865,443,False
XOM,,2025-01-31,09:30,SELL,-0.1586,-0.5914,0.0923,-0.2594,-0.3517,0.1261,0.2865,-0.0063,349,False
AMD,,2025-02-04,17:00,HOLD,-0.1326,-0.2855,0.0487,-0.2896,-0.3383,0.116,0.2508,-0.0087,319,False
PFE,,2025-02-04,10:30,BUY,-0.0341,0.8795,0.0298,-0.0499,-0.0796,0.1641,0.1995,0.0283,792,False
DIS,,2025-02-05,08:30,BUY,-0.0059,1.2134,0.0056,-0.0073,-0.013,0.223,0.2297,-0.0223,148,False
AMZN,,2025-02-06,17:00,SELL,-0.19,-0.9875,-0.0182,-0.4182,-0.4001,0.1021,0.2923,-0.0297,284,False
MCD,,2025-02-10,08:30,HOLD,-0.085,0.27,0.2371,-0.3018,-0.5389,0.2041,0.2899,0.068,338,False
KO,,2025-02-11,08:30,HOLD,-0.1269,-0.2319,0.0426,-0.2454,-0.288,0.1286,0.2572,0.0436,311,False
WMT,,2025-02-20,08:00,BUY,-0.0649,0.5124,0.0051,-0.1159,-0.1211,0.1014,0.1667,0.0255,444,False
HD,,2025-02-25,09:00,BUY,-0.0292,0.9394,0.0691,-0.1262,-0.1953,0.1352,0.1604,0.0224,318,False
CRM,,2025-02-26,17:00,HOLD,-0.1212,-0.1781,-0.0544,-0.2415,-0.1872,0.0813,0.2024,0.0296,504,False
NVDA,,2025-02-26,17:00,BUY,-0.0538,0.634,0.0561,-0.118,-0.174,0.1003,0.1534,0.0082,339,False
COST,,2025-03-06,17:00,SELL,-0.1758,-0.8472,-0.0215,-0.2855,-0.2639,0.097,0.2742,0.1201,361,False
ORCL,,2025-03-10,17:00,BUY,-0.0641,0.519,0.0346,-0.1229,-0.1575,0.0987,0.1631,0.0326,233,False
NKE,,2025-03-20,17:00,BUY,0.064,2.0785,0.0923,0.0192,-0.0731,0.1659,0.1024,-0.0359,410,False
JPM,,2025-07-15,12:30,SELL,-0.3588,-3.0529,-0.0448,-0.418,-0.3733,0.064,0.4265,-0.1106,422,False
BAC,,2025-07-16,08:00,HOLD,-0.1366,-0.3408,-0.0981,-0.1727,-0.0746,0.0953,0.2318,0.065,535,False
JNJ,,2025-07-16,08:30,BUY,0.0047,1.2916,-0.0048,0.0669,0.0717,0.1145,0.1145,0.0327,227,False
KO,,2025-07-22,08:30,HOLD,-0.1032,0.0357,0.0084,-0.1743,-0.1827,0.1405,0.2484,0.0237,306,False
GOOGL,,2025-07-23,16:30,HOLD,-0.083,0.2711,0.0051,-0.2004,-0.2054,0.1317,0.2185,-0.1075,357,False
TSLA,,2025-07-23,17:30,HOLD,-0.1324,-0.3039,-0.095,-0.201,-0.106,0.1547,0.2845,0.019,362,False
INTC,,2025-07-24,17:00,BUY,-0.0533,0.6221,0.1702,-0.2223,-0.3925,0.2048,0.259,0.0088,332,False
BA,,2025-07-29,10:30,BUY,-0.0535,0.6153,0.0648,-0.1609,-0.2257,0.0964,0.1506,-0.026,332,False
UNH,,2025-07-29,08:45,SELL,-0.1601,-0.6385,-0.0445,-0.2944,-0.2498,0.0922,0.2535,-0.0839,564,False
V,,2025-07-29,21:00,SELL,-0.1884,-0.9709,-0.0914,-0.2798,-0.1884,0.0509,0.2395,-0.0513,334,False
MSFT,,2025-07-30,21:30,HOLD,-0.0751,0.372,0.0144,-0.2428,-0.2573,0.0975,0.1727,0.0076,359,False
AAPL,,2025-07-31,17:00,SELL,-0.1947,-1.0489,-0.0006,-0.3961,-0.3954,0.037,0.2315,-0.1081,108,False
AMD,,2025-08-05,17:00,HOLD,-0.1264,-0.2289,0.0991,-0.3289,-0.428,0.1309,0.2617,0.0062,298,False
PEP,,2025-10-09,08:15,HOLD,-0.0722,0.4175,-0.3122,-0.0406,0.2716,0.1891,0.2582,,275,False
TSLA,,2025-10-22,17:30,SELL,-0.1685,-0.7365,-0.1729,-0.1637,0.0092,0.0839,0.2517,-0.0361,441,False
INTC,,2025-10-23,17:00,BUY,-0.0497,0.6919,0.1881,-0.21,-0.3981,0.2104,0.2591,0.0035,328,False
V,,2025-10-28,17:00,SELL,-0.1513,-0.5321,-0.0624,-0.2655,-0.2031,0.0703,0.2216,0.0371,370,False
BA,,2025-10-29,10:30,HOLD,-0.1094,-0.0246,0.0511,-0.2286,-0.2798,0.1148,0.2213,-0.0559,366,False
GOOGL,,2025-10-29,20:46,BUY,-0.0534,0.6501,0.0575,-0.2395,-0.297,0.1142,0.1667,0.0296,324,False
META,,2025-10-29,16:30,SELL,-0.1785,-0.857,-0.0052,-0.3776,-0.3724,0.1197,0.2979,0.0157,376,False
MSFT,,2025-10-29,17:30,HOLD,-0.0677,0.4776,-0.009,-0.1851,-0.176,0.1101,0.1804,0.0074,327,False
AAPL,,2025-10-30,17:00,BUY,-0.0427,0.7855,0.1156,-0.2195,-0.3351,0.1319,0.1758,0.152,273,False
AMZN,,2025-10-30,17:00,HOLD,-0.0686,0.4701,0.0293,-0.1893,-0.2186,0.1307,0.1993,0.1214,306,False
PFE,,2025-11-04,10:00,BUY,-0.0486,0.7067,-0.0038,-0.1134,-0.1096,0.1573,0.2133,-0.0145,286,False
MCD,,2025-11-05,08:30,SELL,-0.2721,-2.0383,0.0195,-0.4037,-0.4232,0.1192,0.3938,-0.1872,193,False
HD,,2025-11-18,09:00,HOLD,-0.0689,0.4636,0.0089,-0.1065,-0.1154,0.128,0.1938,-0.0398,289,False
NVDA,,2025-11-19,17:00,BUY,-0.0089,1.1914,0.092,-0.0836,-0.1756,0.1027,0.1125,0.0449,409,False
ORCL,,2025-12-10,17:00,BUY,-0.0476,0.7101,0.0052,-0.2146,-0.2198,0.0736,0.1202,0.0164,258,False
COST,,2025-12-11,17:00,SELL,-0.2027,-1.1787,-0.0296,-0.3115,-0.2819,0.093,0.2958,-0.0269,355,False
JPM,,2026-01-13,08:30,SELL,-0.3096,-2.4656,-0.1651,-0.338,-0.1729,0.0758,0.3889,0.0492,396,False
BAC,,2026-01-14,08:30,SELL,-0.1855,-0.9229,-0.0493,-0.2854,-0.236,0.055,0.241,-0.0489,527,False
NFLX,,2026-01-20,16:45,BUY,-0.0503,0.6945,-0.0279,-0.0525,-0.0247,0.1108,0.1609,0.0985,379,False
INTC,,2026-01-22,17:00,HOLD,-0.1268,-0.2229,0.0702,-0.2758,-0.346,0.1504,0.2743,-0.0771,339,False
BA,,2026-01-27,10:30,HOLD,-0.0866,0.2593,0.0683,-0.2091,-0.2774,0.1144,0.2016,0.0228,367,False
META,,2026-01-28,16:30,HOLD,-0.1229,-0.1776,0.0181,-0.2705,-0.2886,0.1401,0.2606,0.0556,307,False
MSFT,,2026-01-28,17:30,HOLD,-0.138,-0.359,-0.0281,-0.3568,-0.3287,0.0795,0.2192,-0.0703,365,False
TSLA,,2026-01-28,17:30,SELL,-0.1927,-1.0175,-0.1786,-0.23,-0.0514,0.1326,0.3256,-0.0242,430,False
AAPL,,2026-01-29,17:00,SELL,-0.1642,-0.6677,-0.0162,-0.2989,-0.2827,0.0703,0.2344,-0.1215,128,False
CAT,,2026-01-29,08:30,SELL,-0.1547,-0.5526,-0.1324,-0.19,-0.0576,0.0916,0.2461,-0.0244,382,False
V,,2026-01-29,17:00,HOLD,-0.1219,-0.156,-0.0918,-0.1487,-0.0568,0.0771,0.199,0.0294,402,False
CVX,,2026-01-30,11:00,HOLD,-0.0912,0.2271,-0.0696,-0.1051,-0.0355,0.0909,0.1818,-0.0043,110,False
XOM,,2026-01-30,09:30,SELL,-0.204,-1.1485,0.0517,-0.2705,-0.3222,0.0885,0.2949,-0.0453,373,False
DIS,,2026-02-02,08:30,BUY,-0.0156,1.1585,0.2163,-0.2424,-0.4587,0.1461,0.1573,-0.0097,89,False
AMD,,2026-02-03,17:00,BUY,-0.0574,0.6395,0.0654,-0.1762,-0.2416,0.1118,0.1693,0.069,313,False
PFE,,2026-02-03,10:00,BUY,-0.062,0.5833,-0.0302,-0.082,-0.0518,0.1375,0.2,-0.0134,400,False
GOOGL,,2026-02-04,16:30,BUY,-0.0077,1.2437,0.0426,-0.0913,-0.1338,0.1207,0.1286,0.0457,381,False
AMZN,,2026-02-05,17:00,HOLD,-0.0811,0.334,0.0226,-0.26,-0.2827,0.1064,0.1877,-0.0125,357,False
KO,,2026-02-10,08:30,HOLD,-0.0726,0.4373,0.0388,-0.1482,-0.1871,0.1317,0.2038,0.0307,319,False
MCD,,2026-02-11,16:30,HOLD,-0.095,0.1596,0.0702,-0.2179,-0.2881,0.1579,0.2521,0.1772,361,False
WMT,,2026-02-19,08:00,BUY,-0.0561,0.6392,0.0173,-0.0921,-0.1094,0.1132,0.1709,0.0088,468,False
NVDA,,2026-02-25,17:00,BUY,0.0218,1.6015,0.1017,-0.0217,-0.1235,0.1419,0.1211,0.0307,289,False
COST,,2026-03-05,17:00,SELL,-0.2058,-1.2207,0.0495,-0.3669,-0.4164,0.1173,0.3196,-0.0031,341,False
ORCL,,2026-03-10,17:00,HOLD,-0.0736,0.4142,0.0725,-0.2022,-0.2747,0.1246,0.1987,-0.026,297,False
NKE,,2026-03-31,17:00,BUY,-0.0051,1.2575,0.0333,-0.063,-0.0962,0.1346,0.1442,-0.0691,208,False
JPM,,2026-04-14,08:30,SELL,-0.403,-3.6506,-0.1836,-0.4349,-0.2513,0.0716,0.4781,-0.0934,433,False
BAC,,2026-04-15,08:30,SELL,-0.1993,-1.0787,-0.132,-0.2516,-0.1196,0.0541,0.2532,-0.0138,462,False
NFLX,,2026-04-16,16:45,BUY,-0.0432,0.7785,-0.1069,-0.0208,0.0862,0.119,0.1673,0.0071,269,False
PEP,,2026-04-16,08:15,SELL,-0.2097,-1.194,-0.4249,-0.1512,0.2737,0.05,0.2591,-0.1375,220,False
UNH,,2026-04-21,,HOLD,-0.0786,0.3614,-0.0134,-0.1475,-0.1341,0.1172,0.1966,0.0815,290,False
BA,,2026-04-22,10:30,BUY,-0.0317,0.9174,0.1272,-0.1543,-0.2815,0.1519,0.1805,0.0549,349,False
INTC,,2026-04-23,17:00,BUY,-0.0563,0.6195,0.0615,-0.1312,-0.1928,0.1588,0.2162,0.0705,296,False
KO,,2026-04-28,08:30,BUY,-0.0444,0.7594,0.0285,-0.0906,-0.1192,0.1319,0.1758,0.0282,273,False
V,,2026-04-28,17:00,HOLD,-0.1014,0.0807,-0.0249,-0.2128,-0.188,0.103,0.206,0.0206,398,False
GOOGL,,2026-04-29,16:30,BUY,-0.0435,0.7675,0.055,-0.209,-0.2639,0.1079,0.1487,-0.0359,343,False
META,,2026-04-29,17:30,HOLD,-0.0861,0.2582,0.0078,-0.1811,-0.1889,0.1527,0.2335,0.0368,334,False
MSFT,,2026-04-29,17:30,BUY,-0.0184,1.0686,0.0164,-0.0897,-0.106,0.1261,0.1411,0.1196,333,False
AAPL,,2026-04-30,17:00,BUY,-0.0043,1.2285,0.0416,-0.2498,-0.2914,0.1182,0.1232,0.1599,203,False
CAT,,2026-04-30,08:30,SELL,-0.1691,-0.7489,-0.1273,-0.2318,-0.1045,0.1054,0.2748,-0.0144,313,False
XOM,,2026-05-01,09:30,BUY,-0.0332,0.8784,0.1836,-0.1129,-0.2965,0.2149,0.2438,0.1707,242,False
AMD,,2026-05-05,17:00,HOLD,-0.0951,0.1314,0.0867,-0.1912,-0.2779,0.1069,0.2044,-0.0377,318,False
PFE,,2026-05-05,10:00,BUY,0.075,2.1739,0.0233,0.1096,0.0864,0.2056,0.1289,0.137,287,False
DIS,,2026-05-06,08:30,HOLD,-0.123,-0.2162,0.0359,-0.1556,-0.1915,0.095,0.22,-0.1074,400,False
MCD,,2026-05-07,08:30,SELL,-0.199,-1.1238,-0.0111,-0.2971,-0.286,0.1667,0.3654,-0.1041,312,False
HD,,2026-05-19,09:00,HOLD,-0.064,0.4956,0.0393,-0.1348,-0.1741,0.1567,0.22,0.0049,300,False
NVDA,,2026-05-20,17:00,BUY,-0.0129,1.1059,0.1392,-0.0898,-0.2289,0.1259,0.1383,-0.0347,405,False
WMT,,2026-05-21,08:00,BUY,-0.0492,0.6646,-0.0047,-0.0759,-0.0712,0.134,0.185,0.0069,373,False
CRM,,2026-05-27,17:00,HOLD,-0.0641,0.483,-0.0485,-0.0748,-0.0262,0.1238,0.1881,0.0571,404,False
COST,,2026-05-28,17:00,SELL,-0.2309,-1.5208,-0.0076,-0.3662,-0.3586,0.0789,0.3099,-0.0252,342,False
ORCL,,2026-06-10,17:00,BUY,-0.0544,0.6049,0.0117,-0.1908,-0.2024,0.129,0.1828,0.0193,279,False
BAC,,2026-07-14,08:30,SELL,-0.1984,-1.1231,-0.0725,-0.281,-0.2085,0.0411,0.2391,0.0009,414,False
JPM,,2026-07-14,08:30,SELL,-0.4045,-3.5921,-0.0665,-0.4311,-0.3646,0.073,0.4769,-0.0015,411,False
UNH,,2026-07-16,08:00,HOLD,-0.0846,0.2575,0.0493,-0.2196,-0.2689,0.1276,0.2099,-0.006,243,False
TSLA,,2026-07-22,17:30,HOLD,-0.1224,-0.183,-0.0588,-0.2092,-0.1504,0.1282,0.2564,0.0703,390,False
META,,2026-07-29,16:30,SELL,-0.2091,-1.1937,-0.0462,-0.4045,-0.3583,0.098,0.309,-0.123,398,False
MSFT,,2026-07-29,17:30,HOLD,-0.1197,-0.1506,0.0101,-0.3418,-0.3519,0.0783,0.202,-0.1013,396,False
AAPL,,2026-07-30,17:00,BUY,-0.0425,0.7585,0.1062,-0.2304,-0.3365,0.1136,0.1546,-0.0381,317,False
AMZN,,2026-07-30,17:00,BUY,-0.0569,0.5903,-0.0409,-0.0826,-0.0418,0.1044,0.1614,0.0242,316,False
CVX,,2026-07-31,11:00,HOLD,-0.0718,0.4102,0.1178,-0.1155,-0.2332,0.1267,0.1983,0.0195,363,False
AMD,,2026-08-04,02:00,HOLD,-0.1295,-0.2686,0.0719,-0.2778,-0.3497,0.1279,0.2593,-0.0344,297,False
CAT,,2026-08-04,08:30,SELL,-0.1521,-0.5348,-0.0829,-0.2672,-0.1842,0.1032,0.2566,0.0169,378,False
MCD,,2026-08-04,08:30,HOLD,-0.1204,-0.1624,0.1163,-0.2887,-0.405,0.1403,0.2597,0.0786,385,False
PFE,,2026-08-04,11:00,BUY,-0.0222,0.9905,0.0146,-0.0908,-0.1054,0.1556,0.1778,-0.0973,315,False
DIS,,2026-08-05,08:30,HOLD,-0.0852,0.2532,-0.0132,-0.1298,-0.1167,0.139,0.2244,0.0379,410,False
HD,,2026-08-18,09:00,HOLD,-0.1051,0.0169,0.0075,-0.1746,-0.1821,0.1182,0.223,-0.041,296,False
WMT,,2026-08-20,08:00,BUY,-0.0239,0.9807,-0.039,-0.0123,0.0267,0.1336,0.1559,0.0253,494,False
CRM,,2026-08-26,17:00,HOLD,-0.1436,-0.446,-0.1357,-0.1556,-0.02,0.0802,0.2239,-0.0794,661,False
NVDA,,2026-08-26,17:00,BUY,-0.047,0.7017,0.0539,-0.1095,-0.1634,0.1265,0.1687,-0.0341,332,False
ORCL,,2026-09-10,17:00,HOLD,-0.0723,0.4012,0.056,-0.2045,-0.2604,0.1504,0.2218,-0.0179,266,False
COST,,2026-09-24,,SELL,-0.2662,-1.9168,0.0582,-0.5534,-0.6116,0.0884,0.3567,-0.0353,328,False
NKE,,2026-10-01,,BUY,0.0725,2.1253,0.0968,0.0348,-0.0621,0.1934,0.1215,0.0776,362,False
