ticker,company,call_date,call_time_et,conf_prepared,conf_qna,confidence,confidence_z,warmup,signal
JPM,,2024-04-12,08:30,-0.0741,-0.3478,-0.284,,True,HOLD
BAC,,2024-04-16,08:30,-0.0881,-0.2951,-0.1852,,True,HOLD
JNJ,,2024-04-16,08:30,-0.0141,0.0405,0.0174,,True,HOLD
UNH,,2024-04-16,08:45,0.0198,-0.2777,-0.1881,,True,HOLD
NFLX,,2024-04-18,16:45,-0.2555,-0.2508,-0.2511,,True,HOLD
TSLA,,2024-04-23,17:30,-0.1249,-0.2552,-0.1948,,True,HOLD
V,,2024-04-23,17:00,-0.105,-0.2795,-0.1863,,True,HOLD
BA,,2024-04-24,10:30,0.1358,-0.0371,0.0312,,True,HOLD
GOOGL,,2024-04-25,16:30,0.0341,-0.0742,0.0006,,True,HOLD
INTC,,2024-04-25,17:00,0.0667,-0.0663,-0.0143,,True,HOLD
CVX,,2024-04-26,11:00,0.0675,-0.1321,-0.1054,,True,HOLD
XOM,,2024-04-26,08:30,0.1354,-0.2815,-0.2068,,True,HOLD
AMD,,2024-04-30,17:00,0.0347,-0.2568,-0.1471,,True,HOLD
AMZN,,2024-04-30,17:30,-0.0432,-0.2339,-0.1432,,True,HOLD
KO,,2024-04-30,08:30,0.0367,-0.2363,-0.1388,,True,HOLD
DIS,,2024-05-07,08:30,0.0744,-0.0463,-0.0049,,True,HOLD
HD,,2024-05-14,09:00,0.1206,-0.1573,-0.0452,,True,HOLD
WMT,,2024-05-16,08:00,-0.0082,-0.1581,-0.0958,,True,HOLD
NVDA,,2024-05-22,17:00,0.0202,-0.0346,-0.0099,,True,HOLD
CRM,,2024-05-29,17:00,0.0414,-0.1679,-0.0787,,True,HOLD
COST,,2024-05-30,17:00,-0.0287,-0.2064,-0.1563,-0.4716,False,HOLD
ORCL,,2024-06-11,17:00,-0.032,-0.2317,-0.1314,-0.1907,False,HOLD
NKE,,2024-06-27,17:00,0.0766,-0.0822,0.001,1.269,False,BUY
JPM,,2024-07-12,08:30,-0.0424,-0.3958,-0.2869,-1.9272,False,SELL
BAC,,2024-07-16,08:30,-0.0339,-0.2129,-0.1602,-0.4466,False,HOLD
UNH,,2024-07-16,08:45,-0.0016,-0.1833,-0.1223,-0.0565,False,HOLD
JNJ,,2024-07-17,08:30,0.0229,0.009,0.0166,1.447,False,BUY
NFLX,,2024-07-18,16:45,-0.1525,-0.2031,-0.1994,-0.8992,False,SELL
GOOGL,,2024-07-23,16:30,0.0901,-0.0915,0.0245,1.4882,False,BUY
KO,,2024-07-23,08:30,0.0146,-0.1892,-0.1047,0.1273,False,HOLD
TSLA,,2024-07-23,17:30,-0.1393,-0.319,-0.2375,-1.272,False,SELL
V,,2024-07-23,17:00,0.04,-0.3874,-0.1949,-0.8227,False,SELL
AMD,,2024-07-30,17:00,0.1078,-0.189,-0.0624,0.5829,False,BUY
MSFT,,2024-07-30,17:30,0.0091,-0.2459,-0.0779,0.4207,False,HOLD
PFE,,2024-07-30,10:30,0.0936,-0.0756,-0.0008,1.2266,False,BUY
BA,,2024-07-31,10:30,0.0549,-0.0803,-0.0134,1.0487,False,BUY
AMZN,,2024-08-01,17:30,-0.0546,-0.2621,-0.151,-0.4417,False,HOLD
INTC,,2024-08-01,17:00,0.1823,-0.0624,0.0412,1.5975,False,BUY
CVX,,2024-08-02,11:00,0.0755,-0.1165,-0.0757,0.3232,False,HOLD
XOM,,2024-08-02,08:30,0.0794,-0.3162,-0.2435,-1.4403,False,SELL
HD,,2024-08-13,09:00,0.0444,-0.184,-0.0928,0.1715,False,HOLD
WMT,,2024-08-15,08:00,-0.0662,-0.1963,-0.1452,-0.3868,False,HOLD
CRM,,2024-08-28,17:00,-0.0698,-0.1622,-0.0959,0.1473,False,HOLD
NVDA,,2024-08-28,17:00,-0.0089,-0.1167,-0.0853,0.2612,False,HOLD
ORCL,,2024-09-09,17:00,0.128,-0.1622,-0.0854,0.256,False,HOLD
COST,,2024-09-26,17:00,0.0366,-0.2585,-0.1433,-0.3898,False,HOLD
NKE,,2024-10-01,17:00,0.1034,-0.03,0.0403,1.6726,False,BUY
JPM,,2024-10-11,08:30,-0.0319,-0.3029,-0.2554,-1.6454,False,SELL
BAC,,2024-10-15,08:30,-0.0829,-0.2473,-0.1628,-0.5829,False,SELL
JNJ,,2024-10-15,08:30,-0.0468,-0.0626,-0.0544,0.5898,False,BUY
UNH,,2024-10-15,08:45,-0.0675,-0.219,-0.1773,-0.7395,False,SELL
NFLX,,2024-10-17,16:45,-0.0029,-0.1761,-0.1488,-0.4248,False,HOLD
BA,,2024-10-23,10:30,0.1093,-0.182,-0.0663,0.4961,False,HOLD
KO,,2024-10-23,08:30,-0.0498,-0.2434,-0.1705,-0.6601,False,SELL
TSLA,,2024-10-23,17:30,-0.1022,-0.149,-0.1254,-0.1595,False,HOLD
AMD,,2024-10-29,17:00,0.0986,-0.2722,-0.1239,-0.1401,False,HOLD
MCD,,2024-10-29,08:30,0.1178,-0.3165,-0.153,-0.4704,False,HOLD
PFE,,2024-10-29,10:30,0.0422,-0.1207,-0.0623,0.5581,False,BUY
V,,2024-10-29,17:00,0.0053,-0.202,-0.0822,0.3324,False,HOLD
CAT,,2024-10-30,08:30,-0.1508,0.0064,-0.0827,0.332,False,HOLD
META,,2024-10-30,17:00,-0.0215,-0.3167,-0.1682,-0.6676,False,SELL
MSFT,,2024-10-30,17:30,0.0126,-0.2537,-0.0864,0.2887,False,HOLD
AAPL,,2024-10-31,17:00,0.0483,-0.0385,0.0049,1.3832,False,BUY
AMZN,,2024-10-31,17:00,-0.0727,-0.2408,-0.1603,-0.5855,False,SELL
INTC,,2024-10-31,17:00,0.0957,-0.0234,0.0227,1.5954,False,BUY
CVX,,2024-11-01,11:00,0.1694,-0.2462,-0.1734,-0.7687,False,SELL
XOM,,2024-11-01,09:30,0.0518,-0.2338,-0.1523,-0.5203,False,SELL
HD,,2024-11-12,09:00,0.0076,-0.0943,-0.0516,0.6899,False,BUY
DIS,,2024-11-14,08:30,0.147,-0.0081,0.0163,1.4914,False,BUY
WMT,,2024-11-19,08:00,0.0103,-0.1578,-0.0904,0.1964,False,HOLD
NVDA,,2024-11-20,17:00,0.0266,-0.1076,-0.062,0.5326,False,BUY
CRM,,2024-12-03,17:00,-0.0763,-0.3265,-0.1508,-0.5338,False,SELL
ORCL,,2024-12-09,17:00,-0.0329,-0.1578,-0.0967,0.122,False,HOLD
COST,,2024-12-12,17:00,0.0004,-0.4513,-0.2959,-2.2896,False,SELL
NKE,,2024-12-19,17:00,0.133,0.0577,0.0999,2.4611,False,BUY
JPM,,2025-01-15,08:30,-0.0716,-0.3526,-0.2482,-1.6149,False,SELL
BAC,,2025-01-16,11:00,-0.1344,-0.2577,-0.2016,-1.0522,False,SELL
UNH,,2025-01-16,08:45,0.0746,-0.1607,-0.0762,0.3619,False,HOLD
JNJ,,2025-01-22,08:00,0.0123,-0.078,-0.028,0.9183,False,BUY
BA,,2025-01-28,10:00,0.1162,-0.1138,-0.0275,0.9133,False,BUY
META,,2025-01-29,17:00,0.0347,-0.413,-0.1942,-0.9896,False,SELL
MSFT,,2025-01-29,17:30,-0.0221,-0.1775,-0.0828,0.2756,False,HOLD
TSLA,,2025-01-29,17:30,-0.1125,-0.2261,-0.1514,-0.5037,False,SELL
AAPL,,2025-01-30,17:00,0.039,-0.2122,-0.0866,0.2499,False,HOLD
CAT,,2025-01-30,08:30,-0.1377,-0.112,-0.1303,-0.2515,False,HOLD
INTC,,2025-01-30,17:00,0.0817,-0.1855,-0.0621,0.5308,False,BUY
V,,2025-01-30,17:00,-0.0431,-0.2209,-0.1371,-0.3303,False,HOLD
CVX,,2025-01-31,11:00,0.1362,-0.1528,-0.0869,0.2488,False,HOLD
XOM,,2025-01-31,09:30,0.0923,-0.2594,-0.1586,-0.5914,False,SELL
AMD,,2025-02-04,17:00,0.0487,-0.2896,-0.1326,-0.2855,False,HOLD
PFE,,2025-02-04,10:30,0.0298,-0.0499,-0.0341,0.8795,False,BUY
DIS,,2025-02-05,08:30,0.0056,-0.0073,-0.0059,1.2134,False,BUY
AMZN,,2025-02-06,17:00,-0.0182,-0.4182,-0.19,-0.9875,False,SELL
MCD,,2025-02-10,08:30,0.2371,-0.3018,-0.085,0.27,False,HOLD
KO,,2025-02-11,08:30,0.0426,-0.2454,-0.1269,-0.2319,False,HOLD
WMT,,2025-02-20,08:00,0.0051,-0.1159,-0.0649,0.5124,False,BUY
HD,,2025-02-25,09:00,0.0691,-0.1262,-0.0292,0.9394,False,BUY
CRM,,2025-02-26,17:00,-0.0544,-0.2415,-0.1212,-0.1781,False,HOLD
NVDA,,2025-02-26,17:00,0.0561,-0.118,-0.0538,0.634,False,BUY
COST,,2025-03-06,17:00,-0.0215,-0.2855,-0.1758,-0.8472,False,SELL
ORCL,,2025-03-10,17:00,0.0346,-0.1229,-0.0641,0.519,False,BUY
NKE,,2025-03-20,17:00,0.0923,0.0192,0.064,2.0785,False,BUY
JPM,,2025-07-15,12:30,-0.0448,-0.418,-0.3588,-3.0529,False,SELL
BAC,,2025-07-16,08:00,-0.0981,-0.1727,-0.1366,-0.3408,False,HOLD
JNJ,,2025-07-16,08:30,-0.0048,0.0669,0.0047,1.2916,False,BUY
KO,,2025-07-22,08:30,0.0084,-0.1743,-0.1032,0.0357,False,HOLD
GOOGL,,2025-07-23,16:30,0.0051,-0.2004,-0.083,0.2711,False,HOLD
TSLA,,2025-07-23,17:30,-0.095,-0.201,-0.1324,-0.3039,False,HOLD
INTC,,2025-07-24,17:00,0.1702,-0.2223,-0.0533,0.6221,False,BUY
BA,,2025-07-29,10:30,0.0648,-0.1609,-0.0535,0.6153,False,BUY
UNH,,2025-07-29,08:45,-0.0445,-0.2944,-0.1601,-0.6385,False,SELL
V,,2025-07-29,21:00,-0.0914,-0.2798,-0.1884,-0.9709,False,SELL
MSFT,,2025-07-30,21:30,0.0144,-0.2428,-0.0751,0.372,False,HOLD
AAPL,,2025-07-31,17:00,-0.0006,-0.3961,-0.1947,-1.0489,False,SELL
AMD,,2025-08-05,17:00,0.0991,-0.3289,-0.1264,-0.2289,False,HOLD
PEP,,2025-10-09,08:15,-0.3122,-0.0406,-0.0722,0.4175,False,HOLD
TSLA,,2025-10-22,17:30,-0.1729,-0.1637,-0.1685,-0.7365,False,SELL
INTC,,2025-10-23,17:00,0.1881,-0.21,-0.0497,0.6919,False,BUY
V,,2025-10-28,17:00,-0.0624,-0.2655,-0.1513,-0.5321,False,SELL
BA,,2025-10-29,10:30,0.0511,-0.2286,-0.1094,-0.0246,False,HOLD
GOOGL,,2025-10-29,20:46,0.0575,-0.2395,-0.0534,0.6501,False,BUY
META,,2025-10-29,16:30,-0.0052,-0.3776,-0.1785,-0.857,False,SELL
MSFT,,2025-10-29,17:30,-0.009,-0.1851,-0.0677,0.4776,False,HOLD
AAPL,,2025-10-30,17:00,0.1156,-0.2195,-0.0427,0.7855,False,BUY
AMZN,,2025-10-30,17:00,0.0293,-0.1893,-0.0686,0.4701,False,HOLD
PFE,,2025-11-04,10:00,-0.0038,-0.1134,-0.0486,0.7067,False,BUY
MCD,,2025-11-05,08:30,0.0195,-0.4037,-0.2721,-2.0383,False,SELL
HD,,2025-11-18,09:00,0.0089,-0.1065,-0.0689,0.4636,False,HOLD
NVDA,,2025-11-19,17:00,0.092,-0.0836,-0.0089,1.1914,False,BUY
ORCL,,2025-12-10,17:00,0.0052,-0.2146,-0.0476,0.7101,False,BUY
COST,,2025-12-11,17:00,-0.0296,-0.3115,-0.2027,-1.1787,False,SELL
JPM,,2026-01-13,08:30,-0.1651,-0.338,-0.3096,-2.4656,False,SELL
BAC,,2026-01-14,08:30,-0.0493,-0.2854,-0.1855,-0.9229,False,SELL
NFLX,,2026-01-20,16:45,-0.0279,-0.0525,-0.0503,0.6945,False,BUY
INTC,,2026-01-22,17:00,0.0702,-0.2758,-0.1268,-0.2229,False,HOLD
BA,,2026-01-27,10:30,0.0683,-0.2091,-0.0866,0.2593,False,HOLD
META,,2026-01-28,16:30,0.0181,-0.2705,-0.1229,-0.1776,False,HOLD
MSFT,,2026-01-28,17:30,-0.0281,-0.3568,-0.138,-0.359,False,HOLD
TSLA,,2026-01-28,17:30,-0.1786,-0.23,-0.1927,-1.0175,False,SELL
AAPL,,2026-01-29,17:00,-0.0162,-0.2989,-0.1642,-0.6677,False,SELL
CAT,,2026-01-29,08:30,-0.1324,-0.19,-0.1547,-0.5526,False,SELL
V,,2026-01-29,17:00,-0.0918,-0.1487,-0.1219,-0.156,False,HOLD
CVX,,2026-01-30,11:00,-0.0696,-0.1051,-0.0912,0.2271,False,HOLD
XOM,,2026-01-30,09:30,0.0517,-0.2705,-0.204,-1.1485,False,SELL
DIS,,2026-02-02,08:30,0.2163,-0.2424,-0.0156,1.1585,False,BUY
AMD,,2026-02-03,17:00,0.0654,-0.1762,-0.0574,0.6395,False,BUY
PFE,,2026-02-03,10:00,-0.0302,-0.082,-0.062,0.5833,False,BUY
GOOGL,,2026-02-04,16:30,0.0426,-0.0913,-0.0077,1.2437,False,BUY
AMZN,,2026-02-05,17:00,0.0226,-0.26,-0.0811,0.334,False,HOLD
KO,,2026-02-10,08:30,0.0388,-0.1482,-0.0726,0.4373,False,HOLD
MCD,,2026-02-11,16:30,0.0702,-0.2179,-0.095,0.1596,False,HOLD
WMT,,2026-02-19,08:00,0.0173,-0.0921,-0.0561,0.6392,False,BUY
NVDA,,2026-02-25,17:00,0.1017,-0.0217,0.0218,1.6015,False,BUY
COST,,2026-03-05,17:00,0.0495,-0.3669,-0.2058,-1.2207,False,SELL
ORCL,,2026-03-10,17:00,0.0725,-0.2022,-0.0736,0.4142,False,HOLD
NKE,,2026-03-31,17:00,0.0333,-0.063,-0.0051,1.2575,False,BUY
JPM,,2026-04-14,08:30,-0.1836,-0.4349,-0.403,-3.6506,False,SELL
BAC,,2026-04-15,08:30,-0.132,-0.2516,-0.1993,-1.0787,False,SELL
NFLX,,2026-04-16,16:45,-0.1069,-0.0208,-0.0432,0.7785,False,BUY
PEP,,2026-04-16,08:15,-0.4249,-0.1512,-0.2097,-1.194,False,SELL
UNH,,2026-04-21,,-0.0134,-0.1475,-0.0786,0.3614,False,HOLD
BA,,2026-04-22,10:30,0.1272,-0.1543,-0.0317,0.9174,False,BUY
INTC,,2026-04-23,17:00,0.0615,-0.1312,-0.0563,0.6195,False,BUY
KO,,2026-04-28,08:30,0.0285,-0.0906,-0.0444,0.7594,False,BUY
V,,2026-04-28,17:00,-0.0249,-0.2128,-0.1014,0.0807,False,HOLD
GOOGL,,2026-04-29,16:30,0.055,-0.209,-0.0435,0.7675,False,BUY
META,,2026-04-29,17:30,0.0078,-0.1811,-0.0861,0.2582,False,HOLD
MSFT,,2026-04-29,17:30,0.0164,-0.0897,-0.0184,1.0686,False,BUY
AAPL,,2026-04-30,17:00,0.0416,-0.2498,-0.0043,1.2285,False,BUY
CAT,,2026-04-30,08:30,-0.1273,-0.2318,-0.1691,-0.7489,False,SELL
XOM,,2026-05-01,09:30,0.1836,-0.1129,-0.0332,0.8784,False,BUY
AMD,,2026-05-05,17:00,0.0867,-0.1912,-0.0951,0.1314,False,HOLD
PFE,,2026-05-05,10:00,0.0233,0.1096,0.075,2.1739,False,BUY
DIS,,2026-05-06,08:30,0.0359,-0.1556,-0.123,-0.2162,False,HOLD
MCD,,2026-05-07,08:30,-0.0111,-0.2971,-0.199,-1.1238,False,SELL
HD,,2026-05-19,09:00,0.0393,-0.1348,-0.064,0.4956,False,HOLD
NVDA,,2026-05-20,17:00,0.1392,-0.0898,-0.0129,1.1059,False,BUY
WMT,,2026-05-21,08:00,-0.0047,-0.0759,-0.0492,0.6646,False,BUY
CRM,,2026-05-27,17:00,-0.0485,-0.0748,-0.0641,0.483,False,HOLD
COST,,2026-05-28,17:00,-0.0076,-0.3662,-0.2309,-1.5208,False,SELL
ORCL,,2026-06-10,17:00,0.0117,-0.1908,-0.0544,0.6049,False,BUY
BAC,,2026-07-14,08:30,-0.0725,-0.281,-0.1984,-1.1231,False,SELL
JPM,,2026-07-14,08:30,-0.0665,-0.4311,-0.4045,-3.5921,False,SELL
UNH,,2026-07-16,08:00,0.0493,-0.2196,-0.0846,0.2575,False,HOLD
TSLA,,2026-07-22,17:30,-0.0588,-0.2092,-0.1224,-0.183,False,HOLD
META,,2026-07-29,16:30,-0.0462,-0.4045,-0.2091,-1.1937,False,SELL
MSFT,,2026-07-29,17:30,0.0101,-0.3418,-0.1197,-0.1506,False,HOLD
AAPL,,2026-07-30,17:00,0.1062,-0.2304,-0.0425,0.7585,False,BUY
AMZN,,2026-07-30,17:00,-0.0409,-0.0826,-0.0569,0.5903,False,BUY
CVX,,2026-07-31,11:00,0.1178,-0.1155,-0.0718,0.4102,False,HOLD
AMD,,2026-08-04,02:00,0.0719,-0.2778,-0.1295,-0.2686,False,HOLD
CAT,,2026-08-04,08:30,-0.0829,-0.2672,-0.1521,-0.5348,False,SELL
MCD,,2026-08-04,08:30,0.1163,-0.2887,-0.1204,-0.1624,False,HOLD
PFE,,2026-08-04,11:00,0.0146,-0.0908,-0.0222,0.9905,False,BUY
DIS,,2026-08-05,08:30,-0.0132,-0.1298,-0.0852,0.2532,False,HOLD
HD,,2026-08-18,09:00,0.0075,-0.1746,-0.1051,0.0169,False,HOLD
WMT,,2026-08-20,08:00,-0.039,-0.0123,-0.0239,0.9807,False,BUY
CRM,,2026-08-26,17:00,-0.1357,-0.1556,-0.1436,-0.446,False,HOLD
NVDA,,2026-08-26,17:00,0.0539,-0.1095,-0.047,0.7017,False,BUY
ORCL,,2026-09-10,17:00,0.056,-0.2045,-0.0723,0.4012,False,HOLD
COST,,2026-09-24,,0.0582,-0.5534,-0.2662,-1.9168,False,SELL
NKE,,2026-10-01,,0.0968,0.0348,0.0725,2.1253,False,BUY
